<?xml version="1.0" encoding="UTF-8"?>
<root>
  <item name="com.tomergoldst.tooltips.ToolTip mAlign">
    <annotation name="android.support.annotation.IntDef">
      <val name="value" val="{com.tomergoldst.tooltips.ToolTip.ALIGN_CENTER, com.tomergoldst.tooltips.ToolTip.ALIGN_LEFT, com.tomergoldst.tooltips.ToolTip.ALIGN_RIGHT}" />
    </annotation>
  </item>
  <item name="com.tomergoldst.tooltips.ToolTip mPosition">
    <annotation name="android.support.annotation.IntDef">
      <val name="value" val="{com.tomergoldst.tooltips.ToolTip.POSITION_ABOVE, com.tomergoldst.tooltips.ToolTip.POSITION_BELOW, com.tomergoldst.tooltips.ToolTip.POSITION_LEFT_TO, com.tomergoldst.tooltips.ToolTip.POSITION_RIGHT_TO}" />
    </annotation>
  </item>
  <item name="com.tomergoldst.tooltips.ToolTip mTextGravity">
    <annotation name="android.support.annotation.IntDef">
      <val name="value" val="{com.tomergoldst.tooltips.ToolTip.GRAVITY_CENTER, com.tomergoldst.tooltips.ToolTip.GRAVITY_LEFT, com.tomergoldst.tooltips.ToolTip.GRAVITY_RIGHT}" />
    </annotation>
  </item>
  <item name="com.tomergoldst.tooltips.ToolTip void setPosition(int) 0">
    <annotation name="android.support.annotation.IntDef">
      <val name="value" val="{com.tomergoldst.tooltips.ToolTip.POSITION_ABOVE, com.tomergoldst.tooltips.ToolTip.POSITION_BELOW, com.tomergoldst.tooltips.ToolTip.POSITION_LEFT_TO, com.tomergoldst.tooltips.ToolTip.POSITION_RIGHT_TO}" />
    </annotation>
  </item>
  <item name="com.tomergoldst.tooltips.ToolTip.Align">
    <annotation name="android.support.annotation.IntDef">
      <val name="value" val="{com.tomergoldst.tooltips.ToolTip.ALIGN_CENTER, com.tomergoldst.tooltips.ToolTip.ALIGN_LEFT, com.tomergoldst.tooltips.ToolTip.ALIGN_RIGHT}" />
    </annotation>
  </item>
  <item name="com.tomergoldst.tooltips.ToolTip.Builder Builder(android.content.Context, android.view.View, android.view.ViewGroup, java.lang.CharSequence, int) 4">
    <annotation name="android.support.annotation.IntDef">
      <val name="value" val="{com.tomergoldst.tooltips.ToolTip.POSITION_ABOVE, com.tomergoldst.tooltips.ToolTip.POSITION_BELOW, com.tomergoldst.tooltips.ToolTip.POSITION_LEFT_TO, com.tomergoldst.tooltips.ToolTip.POSITION_RIGHT_TO}" />
    </annotation>
  </item>
  <item name="com.tomergoldst.tooltips.ToolTip.Builder com.tomergoldst.tooltips.ToolTip.Builder setAlign(int) 0">
    <annotation name="android.support.annotation.IntDef">
      <val name="value" val="{com.tomergoldst.tooltips.ToolTip.ALIGN_CENTER, com.tomergoldst.tooltips.ToolTip.ALIGN_LEFT, com.tomergoldst.tooltips.ToolTip.ALIGN_RIGHT}" />
    </annotation>
  </item>
  <item name="com.tomergoldst.tooltips.ToolTip.Builder com.tomergoldst.tooltips.ToolTip.Builder setGravity(int) 0">
    <annotation name="android.support.annotation.IntDef">
      <val name="value" val="{com.tomergoldst.tooltips.ToolTip.GRAVITY_CENTER, com.tomergoldst.tooltips.ToolTip.GRAVITY_LEFT, com.tomergoldst.tooltips.ToolTip.GRAVITY_RIGHT}" />
    </annotation>
  </item>
  <item name="com.tomergoldst.tooltips.ToolTip.Builder com.tomergoldst.tooltips.ToolTip.Builder setPosition(int) 0">
    <annotation name="android.support.annotation.IntDef">
      <val name="value" val="{com.tomergoldst.tooltips.ToolTip.POSITION_ABOVE, com.tomergoldst.tooltips.ToolTip.POSITION_BELOW, com.tomergoldst.tooltips.ToolTip.POSITION_LEFT_TO, com.tomergoldst.tooltips.ToolTip.POSITION_RIGHT_TO}" />
    </annotation>
  </item>
  <item name="com.tomergoldst.tooltips.ToolTip.Builder mAlign">
    <annotation name="android.support.annotation.IntDef">
      <val name="value" val="{com.tomergoldst.tooltips.ToolTip.ALIGN_CENTER, com.tomergoldst.tooltips.ToolTip.ALIGN_LEFT, com.tomergoldst.tooltips.ToolTip.ALIGN_RIGHT}" />
    </annotation>
  </item>
  <item name="com.tomergoldst.tooltips.ToolTip.Builder mPosition">
    <annotation name="android.support.annotation.IntDef">
      <val name="value" val="{com.tomergoldst.tooltips.ToolTip.POSITION_ABOVE, com.tomergoldst.tooltips.ToolTip.POSITION_BELOW, com.tomergoldst.tooltips.ToolTip.POSITION_LEFT_TO, com.tomergoldst.tooltips.ToolTip.POSITION_RIGHT_TO}" />
    </annotation>
  </item>
  <item name="com.tomergoldst.tooltips.ToolTip.Builder mTextGravity">
    <annotation name="android.support.annotation.IntDef">
      <val name="value" val="{com.tomergoldst.tooltips.ToolTip.GRAVITY_CENTER, com.tomergoldst.tooltips.ToolTip.GRAVITY_LEFT, com.tomergoldst.tooltips.ToolTip.GRAVITY_RIGHT}" />
    </annotation>
  </item>
  <item name="com.tomergoldst.tooltips.ToolTip.Gravity">
    <annotation name="android.support.annotation.IntDef">
      <val name="value" val="{com.tomergoldst.tooltips.ToolTip.GRAVITY_CENTER, com.tomergoldst.tooltips.ToolTip.GRAVITY_LEFT, com.tomergoldst.tooltips.ToolTip.GRAVITY_RIGHT}" />
    </annotation>
  </item>
  <item name="com.tomergoldst.tooltips.ToolTip.Position">
    <annotation name="android.support.annotation.IntDef">
      <val name="value" val="{com.tomergoldst.tooltips.ToolTip.POSITION_ABOVE, com.tomergoldst.tooltips.ToolTip.POSITION_BELOW, com.tomergoldst.tooltips.ToolTip.POSITION_LEFT_TO, com.tomergoldst.tooltips.ToolTip.POSITION_RIGHT_TO}" />
    </annotation>
  </item>
</root>

