<?xml version="1.0" encoding="UTF-8"?>
<root>
  <item name="com.qmuiteam.qmui.widget.dialog.QMUITipDialog.Builder com.qmuiteam.qmui.widget.dialog.QMUITipDialog.Builder setIconType(int) 0">
    <annotation name="android.support.annotation.IntDef">
      <val name="value" val="{com.qmuiteam.qmui.widget.dialog.QMUITipDialog.Builder.ICON_TYPE_NOTHING, com.qmuiteam.qmui.widget.dialog.QMUITipDialog.Builder.ICON_TYPE_LOADING, com.qmuiteam.qmui.widget.dialog.QMUITipDialog.Builder.ICON_TYPE_SUCCESS, com.qmuiteam.qmui.widget.dialog.QMUITipDialog.Builder.ICON_TYPE_FAIL, com.qmuiteam.qmui.widget.dialog.QMUITipDialog.Builder.ICON_TYPE_INFO}" />
    </annotation>
  </item>
  <item name="com.qmuiteam.qmui.widget.dialog.QMUITipDialog.Builder mCurrentIconType">
    <annotation name="android.support.annotation.IntDef">
      <val name="value" val="{com.qmuiteam.qmui.widget.dialog.QMUITipDialog.Builder.ICON_TYPE_NOTHING, com.qmuiteam.qmui.widget.dialog.QMUITipDialog.Builder.ICON_TYPE_LOADING, com.qmuiteam.qmui.widget.dialog.QMUITipDialog.Builder.ICON_TYPE_SUCCESS, com.qmuiteam.qmui.widget.dialog.QMUITipDialog.Builder.ICON_TYPE_FAIL, com.qmuiteam.qmui.widget.dialog.QMUITipDialog.Builder.ICON_TYPE_INFO}" />
    </annotation>
  </item>
  <item name="com.qmuiteam.qmui.widget.dialog.QMUITipDialog.Builder.IconType">
    <annotation name="android.support.annotation.IntDef">
      <val name="value" val="{com.qmuiteam.qmui.widget.dialog.QMUITipDialog.Builder.ICON_TYPE_NOTHING, com.qmuiteam.qmui.widget.dialog.QMUITipDialog.Builder.ICON_TYPE_LOADING, com.qmuiteam.qmui.widget.dialog.QMUITipDialog.Builder.ICON_TYPE_SUCCESS, com.qmuiteam.qmui.widget.dialog.QMUITipDialog.Builder.ICON_TYPE_FAIL, com.qmuiteam.qmui.widget.dialog.QMUITipDialog.Builder.ICON_TYPE_INFO}" />
    </annotation>
  </item>
</root>

