<?xml version="1.0" encoding="UTF-8"?>
<root>
  <item name="com.qmuiteam.qmui.widget.popup.QMUIPopup QMUIPopup(android.content.Context, int) 1">
    <annotation name="android.support.annotation.IntDef">
      <val name="value" val="{com.qmuiteam.qmui.widget.popup.QMUIPopup.DIRECTION_NONE, com.qmuiteam.qmui.widget.popup.QMUIPopup.DIRECTION_TOP, com.qmuiteam.qmui.widget.popup.QMUIPopup.DIRECTION_BOTTOM}" />
    </annotation>
  </item>
  <item name="com.qmuiteam.qmui.widget.popup.QMUIPopup.Direction">
    <annotation name="android.support.annotation.IntDef">
      <val name="value" val="{com.qmuiteam.qmui.widget.popup.QMUIPopup.DIRECTION_NONE, com.qmuiteam.qmui.widget.popup.QMUIPopup.DIRECTION_TOP, com.qmuiteam.qmui.widget.popup.QMUIPopup.DIRECTION_BOTTOM}" />
    </annotation>
  </item>
</root>

