<?xml version="1.0" encoding="UTF-8"?>
<root>
  <item name="com.qmuiteam.qmui.util.QMUIStatusBarHelper boolean setStatusBarLightMode(android.app.Activity, int) 1">
    <annotation name="android.support.annotation.IntDef">
      <val name="value" val="{com.qmuiteam.qmui.util.QMUIStatusBarHelper.STATUSBAR_TYPE_DEFAULT, com.qmuiteam.qmui.util.QMUIStatusBarHelper.STATUSBAR_TYPE_MIUI, com.qmuiteam.qmui.util.QMUIStatusBarHelper.STATUSBAR_TYPE_FLYME, com.qmuiteam.qmui.util.QMUIStatusBarHelper.STATUSBAR_TYPE_ANDROID6}" />
    </annotation>
  </item>
  <item name="com.qmuiteam.qmui.util.QMUIStatusBarHelper mStatuBarType">
    <annotation name="android.support.annotation.IntDef">
      <val name="value" val="{com.qmuiteam.qmui.util.QMUIStatusBarHelper.STATUSBAR_TYPE_DEFAULT, com.qmuiteam.qmui.util.QMUIStatusBarHelper.STATUSBAR_TYPE_MIUI, com.qmuiteam.qmui.util.QMUIStatusBarHelper.STATUSBAR_TYPE_FLYME, com.qmuiteam.qmui.util.QMUIStatusBarHelper.STATUSBAR_TYPE_ANDROID6}" />
    </annotation>
  </item>
</root>

