<?xml version="1.0" encoding="UTF-8"?>
<root>
  <item name="com.sun.easysnackbar.BaseTransientBar.BaseCallback&lt;B&gt;.DismissEvent">
    <annotation name="android.support.annotation.IntDef">
      <val name="value" val="{com.sun.easysnackbar.BaseTransientBar.BaseCallback&lt;B&gt;.DISMISS_EVENT_SWIPE, com.sun.easysnackbar.BaseTransientBar.BaseCallback&lt;B&gt;.DISMISS_EVENT_ACTION, com.sun.easysnackbar.BaseTransientBar.BaseCallback&lt;B&gt;.DISMISS_EVENT_TIMEOUT, com.sun.easysnackbar.BaseTransientBar.BaseCallback&lt;B&gt;.DISMISS_EVENT_MANUAL, com.sun.easysnackbar.BaseTransientBar.BaseCallback&lt;B&gt;.DISMISS_EVENT_CONSECUTIVE}" />
    </annotation>
  </item>
  <item name="com.sun.easysnackbar.BaseTransientBar.Duration">
    <annotation name="android.support.annotation.IntDef">
      <val name="value" val="{com.sun.easysnackbar.BaseTransientBar&lt;B&gt;.LENGTH_INDEFINITE, com.sun.easysnackbar.BaseTransientBar&lt;B&gt;.LENGTH_SHORT, com.sun.easysnackbar.BaseTransientBar&lt;B&gt;.LENGTH_LONG}" />
    </annotation>
  </item>
</root>

